{"beta": 0.00006862745, "gamma": 0.07143, "s": 5000, "i": 100, "r": 0}